{
  "theta_deg": 28.118423877306423,
  "theta_rad": 0.49075907713038713,
  "M": 0.02138894901953378,
  "X": 54.89866633407807,
  "mean_L1": 25.207580566905552
}